"Reference","Qty","Value","DNP","Exclude from BOM","Exclude from Board","Footprint","Datasheet","store"
"A1","1","RaspberryPi_Pico","","","","Module:RaspberryPi_Pico_Common_THT","https://datasheets.raspberrypi.com/pico/pico-datasheet.pdf",""
"C1,C3,C5,C7,C8,C10,C12,C15,C17","9","10u/25V","","","","Capacitor_Tantalum_SMD:CP_EIA-3528-21_Kemet-B_HandSolder","~",""
"C2,C4,C6,C14,C16,C18,C19,C20,C21,C22,C23","11","0u1","","","","Capacitor_SMD:C_0603_1608Metric_Pad1.08x0.95mm_HandSolder","~",""
"C9,C11,C28,C32,C33","5","10n","","","","Capacitor_SMD:C_0805_2012Metric_Pad1.18x1.45mm_HandSolder","~",""
"C13","1","1u","","","","Capacitor_SMD:C_0805_2012Metric_Pad1.18x1.45mm_HandSolder","~",""
"C24,C30","2","1n","","","","Capacitor_SMD:C_0603_1608Metric_Pad1.08x0.95mm_HandSolder","~",""
"C25,C26","2","6n8","","","","Capacitor_SMD:C_0603_1608Metric_Pad1.08x0.95mm_HandSolder","~",""
"C27,C31","2","18p","","","","Capacitor_SMD:C_0603_1608Metric_Pad1.08x0.95mm_HandSolder","~",""
"C29","1","22n","","","","Capacitor_SMD:C_0603_1608Metric_Pad1.08x0.95mm_HandSolder","~",""
"C34,C35,C36,C37,C38,C39,C40,C41,C42","9","~","","","","Capacitor_SMD:C_0603_1608Metric_Pad1.08x0.95mm_HandSolder","~",""
"D1,D2,D3","3","US2DA","","","","Diode_SMD:D_SMA-SMB_Universal_Handsoldering","https://www.onsemi.com/pub/Collateral/US2AA-D.PDF",""
"D4,D5,D6,D7","4","LED","","","","LED_SMD:LED_1206_3216Metric_Pad1.42x1.75mm_HandSolder","~",""
"D8","1","BZB84-B3V9","","","","Package_TO_SOT_SMD:SOT-23","~",""
"D9,D10","2","LED","","","","LED_SMD:LED_1206_3216Metric","~",""
"D11","1","WS2812B","","","","LED_SMD:LED_WS2812B_PLCC4_5.0x5.0mm_P3.2mm","https://cdn-shop.adafruit.com/datasheets/WS2812B.pdf","https://www.digikey.pl/pl/products/detail/xinglight/XL-3528RGBW-WS2812B/25673158?s=N4IgTCBcDaIOoGUwA4CMYBCIC6BfIA"
"F1","1","750mA","","","","Fuse:Fuse_1206_3216Metric_Pad1.42x1.75mm_HandSolder","~",""
"J1","1","DC_12V_IN","","","","TerminalBlock_MetzConnect:TerminalBlock_MetzConnect_Type094_RT03502HBLU_1x02_P5.00mm_Horizontal","~",""
"J2","1","GND","","","","Connector_PinHeader_2.54mm:PinHeader_1x06_P2.54mm_Vertical","~",""
"J3,J24,J26,J33,J35","5","Conn_02x07","","","","Connector_PinHeader_2.54mm:PinHeader_2x07_P2.54mm_Vertical","~",""
"J4,J5","2","Conn_01x20","","","","Connector_PinHeader_2.54mm:PinHeader_2x20_P2.54mm_Vertical","~",""
"J6,J7","2","Conn_02x12_Odd_Even","","","","Connector_PinHeader_2.54mm:PinHeader_2x12_P2.54mm_Vertical","~",""
"J8","1","ARJM11B1-009-AB-EW2","","","","Connector_RJ:RJ45_HALO_HFJ11-x2450E-LxxRL_Horizontal","~","https://www.digikey.pl/pl/products/detail/abracon-llc/ARJM11B1-009-AB-EW2/7675231?s=N4IgTCBcDaIIICUBSBZAjGgQmgtABjwE4c5McBRAdQgF0BfIA"
"J9,J10","2","Conn_01x06","","","","Connector_PinSocket_2.54mm:PinSocket_1x06_P2.54mm_Vertical","~",""
"J11,J12,J20,J21,J28,J29","6","Conn_01x06","","","","Connector_PinHeader_2.54mm:PinHeader_1x06_P2.54mm_Vertical","~",""
"J13","1","pot","","","","Connector_PinHeader_2.54mm:PinHeader_1x02_P2.54mm_Vertical","~",""
"J14","1","i2c adafruit","","","","Connector_PinHeader_2.54mm:PinHeader_1x02_P2.54mm_Vertical","~",""
"J15","1","SM04B-SRSS-TB","","","","Connector_JST:JST_SH_SM04B-SRSS-TB_1x04-1MP_P1.00mm_Horizontal","~",""
"J16,J18","2","Conn_01x03","DNP","Wyklucz z BOM","","Connector_PinHeader_2.54mm:PinHeader_1x03_P2.54mm_Vertical","~",""
"J17","1","AVR-ICSP","DNP","Wyklucz z BOM","","Connector_PinHeader_2.54mm:PinHeader_2x03_P2.54mm_Vertical","~",""
"J19","1","LED","","","","Connector_PinHeader_2.54mm:PinHeader_1x03_P2.54mm_Vertical","~",""
"J22,J40,J41","3","sw","","","","Connector_PinHeader_2.54mm:PinHeader_1x05_P2.54mm_Vertical","~",""
"J23,J27,J31,J32","4","B6252H5-NPP3G-50","","","","Connector_Coaxial:BNC_Amphenol_B6252HB-NPP3G-50_Horizontal","~","https://www.tme.eu/pl/details/b6252h5npp3g50/zlacza-bnc/amphenol-rf/b6252h5-npp3g-50/"
"J25,J34,J46,J47","4","Conn_01x07","","","","Connector_PinHeader_2.54mm:PinHeader_1x07_P2.54mm_Vertical","~",""
"J30,J42,J43,J44","4","~","","","","Connector_PinHeader_2.54mm:PinHeader_1x02_P2.54mm_Vertical","~",""
"J36","1","B6252H5-NPP3G-50","DNP","Wyklucz z BOM","Wykluczono z płytki","Connector_Coaxial:BNC_Amphenol_B6252HB-NPP3G-50_Horizontal","~",""
"J39","1","ROT_ENC_SW","","Wyklucz z BOM","","Connector_PinHeader_2.54mm:PinHeader_1x05_P2.54mm_Vertical","~",""
"J45","1","~","DNP","Wyklucz z BOM","Wykluczono z płytki","Connector_PinHeader_2.54mm:PinHeader_1x02_P2.54mm_Vertical","~",""
"JP1,JP2,JP3,JP4,JP5,JP7,JP8,JP9,JP10,JP11,JP12,JP13,JP14,JP15,JP16,JP17,JP18,JP19,JP20,JP22,JP23,JP24,JP25","23","SolderJumper","","Wyklucz z BOM","","Jumper:SolderJumper-2_P1.3mm_Open_TrianglePad1.0x1.5mm","~",""
"JP6","1","SolderJumper","","Wyklucz z BOM","","Jumper:SolderJumper-3_P1.3mm_Bridged12_RoundedPad1.0x1.5mm","~",""
"JP21","1","SolderJumper_3_Bridged12","","Wyklucz z BOM","","Jumper:SolderJumper-3_P1.3mm_Bridged123_RoundedPad1.0x1.5mm","~",""
"JP26","1","SolderJumper","DNP","Wyklucz z BOM","Wykluczono z płytki","Jumper:SolderJumper-2_P1.3mm_Open_TrianglePad1.0x1.5mm","~",""
"L1","1","BLM18SG121TN1D","","","","Inductor_SMD:L_0805_2012Metric_Pad1.15x1.40mm_HandSolder","~",""
"Q1,Q2,Q3,Q4,Q5","5","BSS138","","","","Package_TO_SOT_SMD:SOT-23","https://www.onsemi.com/pub/Collateral/BSS138-D.PDF",""
"R1,R2,R3,R4","4","1k","","","","Resistor_SMD:R_0603_1608Metric_Pad0.98x0.95mm_HandSolder","~",""
"R5,R8","2","1M4","","","","Resistor_SMD:R_0603_1608Metric_Pad0.98x0.95mm_HandSolder","~",""
"R6,R9","2","120k","","","","Resistor_SMD:R_0603_1608Metric_Pad0.98x0.95mm_HandSolder","~",""
"R7","1","0","","","","Resistor_SMD:R_0603_1608Metric_Pad0.98x0.95mm_HandSolder","~",""
"R10","1","R","","","","Resistor_SMD:R_1206_3216Metric_Pad1.30x1.75mm_HandSolder","~",""
"R11","1","R1","","","","Resistor_SMD:R_1206_3216Metric_Pad1.30x1.75mm_HandSolder","~",""
"R12","1","R2","","","","Resistor_SMD:R_1206_3216Metric_Pad1.30x1.75mm_HandSolder","~",""
"R13,R14,R15,R24,R25","5","49.9","","","","Resistor_SMD:R_0603_1608Metric_Pad0.98x0.95mm_HandSolder","~",""
"R16,R17,R18,R19,R20,R22,R23,R27,R29,R31,R32,R33,R34,R35,R36,R37,R38,R39,R42,R43,R44,R45,R46,R47,R49,R50,R51,R52,R53,R54,R55,R56,R57","33","10k","","","","Resistor_SMD:R_0603_1608Metric_Pad0.98x0.95mm_HandSolder","~",""
"R21,R26,R40,R41","4","330","","","","Resistor_SMD:R_0603_1608Metric_Pad0.98x0.95mm_HandSolder","~",""
"R28","1","1M","","","","Resistor_SMD:R_0603_1608Metric_Pad0.98x0.95mm_HandSolder","~",""
"R30","1","12k4 1%","","","","Resistor_SMD:R_0603_1608Metric_Pad0.98x0.95mm_HandSolder","~",""
"R48","1","10k","","Wyklucz z BOM","","Resistor_SMD:R_0603_1608Metric_Pad0.98x0.95mm_HandSolder","~",""
"RV1","1","10k","","","","Potentiometer_THT:Potentiometer_Runtron_RM-065_Vertical","~",""
"RV2","1","10k","","","","Potentiometer_THT:Potentiometer_Bourns_3296W_Vertical","~",""
"SW1,SW2,SW3,SW4,SW5","5","SW_Push","","","","Button_Switch_THT:SW_PUSH_6mm_H5mm","~",""
"SW6","1","RotaryEncoder_Switch","","Wyklucz z BOM","","Rotary_Encoder:RotaryEncoder_Alps_EC12E-Switch_Vertical_H20mm_CircularMountingHoles","~",""
"U1","1","MC7805BDTRKG","","","","Package_TO_SOT_SMD:TO-252-3_TabPin2","","https://www.digikey.pl/pl/products/detail/onsemi/MC7805BDTRKG/919331?s=N4IgTCBcDaILIGEDsAOADAVgEIBEAqASgNIDiIAugL5A"
"U2","1","LD1117AS33TR","","","","Package_TO_SOT_SMD:SOT-223-3_TabPin2","http://www.st.com/st-web-ui/static/active/en/resource/technical/document/datasheet/CD00000544.pdf","https://www.digikey.pl/pl/products/detail/stmicroelectronics/LD1117AS33TR/585752?s=N4IgTCBcDaIDIBECMKDsBBAygZmwFQCUQBdAXyA"
"U3","1","LTC3260xMSE","","","","Package_SO:MSOP-16-1EP_3x4.039mm_P0.5mm_EP1.651x2.845mm","https://www.analog.com/media/en/technical-documentation/data-sheets/ltc3260.pdf","https://www.digikey.pl/pl/products/detail/analog-devices-inc/LTC3260EMSE-TRPBF/3248407"
"U4","1","TL431AIL5T","","","","Package_TO_SOT_SMD:SOT-23-5","http://www.ti.com/lit/ds/symlink/tl431.pdf","https://www.digikey.pl/pl/products/detail/stmicroelectronics/TL431AIL5T/2672702?s=N4IgTCBcDaICoBkAsBmAjAQQJIIKxxAF0BfIA"
"U5","1","REF3033","","","","Package_TO_SOT_SMD:SOT-23-3","http://www.ti.com/lit/ds/symlink/ref3033.pdf","https://www.digikey.pl/pl/products/detail/texas-instruments/REF3033AIDBZR/1573916"
"U6","1","TL431","","","","Package_TO_SOT_THT:TO-92_Inline","http://www.ti.com/lit/ds/symlink/tl431.pdf","https://www.digikey.pl/pl/products/detail/evvo/TL431/22482088"
"U7","1","STM32G474CoreBoard","","","","STM32G474CoreBoard:STM32G474CoreBoard","https://github.com/WeActStudio/WeActStudio.STM32G474CoreBoard",""
"U8","1","W5500","","","","Package_QFP:LQFP-48_7x7mm_P0.5mm","http://wizwiki.net/wiki/lib/exe/fetch.php/products:w5500:w5500_ds_v109e.pdf","https://www.digikey.pl/pl/products/detail/wiznet/W5500/4425702"
"Y1","1","ABM8-25.000MHZ-B2Y-T","","","","Crystal:Crystal_SMD_3225-4Pin_3.2x2.5mm_HandSoldering","~","https://www.digikey.pl/pl/products/detail/abracon-llc/ABM8-25-000MHZ-B2Y-T/15996000?s=N4IgTCBcDaIIICECyAOAtGArAOgAz6QAkAtNBMATTQBUQBdAXyA"
